<?xml version="1.0" encoding="utf-8" standalone="yes"?>
<rss version="2.0" xmlns:atom="http://www.w3.org/2005/Atom">
  <channel>
    <title>Authors on Radioid Consulting</title>
    <link>https://www.example.com/authors/</link>
    <description>Recent content in Authors on Radioid Consulting</description>
    <generator>Hugo -- gohugo.io</generator>
    <language>en-us</language><atom:link href="https://www.example.com/authors/index.xml" rel="self" type="application/rss+xml" />
  </channel>
</rss>
