<?xml version="1.0" encoding="utf-8" standalone="yes"?>
<rss version="2.0" xmlns:atom="http://www.w3.org/2005/Atom">
  <channel>
    <title>Radioid Consulting</title>
    <link>https://www.example.com/</link>
    <description>Recent content on Radioid Consulting</description>
    <generator>Hugo -- gohugo.io</generator>
    <language>en-us</language><atom:link href="https://www.example.com/index.xml" rel="self" type="application/rss+xml" />
    <item>
      <title>Contact</title>
      <link>https://www.example.com/contact/</link>
      <pubDate>Mon, 01 Jan 0001 00:00:00 +0000</pubDate>
      
      <guid>https://www.example.com/contact/</guid>
      <description>We are here to help you At Radioid Consultant, we specialize in providing businesses with personalized solutions and expert guidance. We understand that every business is unique, which is why we tailor our services to meet the specific needs of our clients. Whether you need help with a particular problem or are just looking for guidance on how to take your business to the next level, our team is here to help.</description>
    </item>
    
    <item>
      <title>Services</title>
      <link>https://www.example.com/services/</link>
      <pubDate>Mon, 01 Jan 0001 00:00:00 +0000</pubDate>
      
      <guid>https://www.example.com/services/</guid>
      <description>Radioid Consulting is a team of experienced and highly skilled professionals who are passionate about helping businesses succeed. We take a collaborative approach to consulting, working closely with our clients to understand their unique needs and challenges. Our services are designed to provide practical and effective solutions to the most complex business problems.​Our team consists of experts in various fields, including business development, finance, marketing, and technology. We bring a wealth of knowledge and experience to every project, and we are committed to delivering results that exceed our clients&amp;rsquo; expectations.</description>
    </item>
    
  </channel>
</rss>
